state,county,fips,name
1,1,1001,Autauga
1,3,1003,Baldwin
1,5,1005,Barbour
1,7,1007,Bibb
1,9,1009,Blount
1,11,1011,Bullock
1,13,1013,Butler
1,15,1015,Calhoun
1,17,1017,Chambers
1,19,1019,Cherokee
1,21,1021,Chilton
1,23,1023,Choctaw
1,25,1025,Clarke
1,27,1027,Clay
1,29,1029,Cleburne
1,31,1031,Coffee
1,33,1033,Colbert
1,35,1035,Conecuh
1,37,1037,Coosa
1,39,1039,Covington
1,41,1041,Crenshaw
1,43,1043,Cullman
1,45,1045,Dale
1,47,1047,Dallas
1,49,1049,DeKalb
1,51,1051,Elmore
1,53,1053,Escambia
1,55,1055,Etowah
1,57,1057,Fayette
1,59,1059,Franklin
1,61,1061,Geneva
1,63,1063,Greene
1,65,1065,Hale
1,67,1067,Henry
1,69,1069,Houston
1,71,1071,Jackson
1,73,1073,Jefferson
1,75,1075,Lamar
1,77,1077,Lauderdale
1,79,1079,Lawrence
1,81,1081,Lee
1,83,1083,Limestone
1,85,1085,Lowndes
1,87,1087,Macon
1,89,1089,Madison
1,91,1091,Marengo
1,93,1093,Marion
1,95,1095,Marshall
1,97,1097,Mobile
1,99,1099,Monroe
1,101,1101,Montgomery
1,103,1103,Morgan
1,105,1105,Perry
1,107,1107,Pickens
1,109,1109,Pike
1,111,1111,Randolph
1,113,1113,Russell
1,115,1115,St. Clair
1,117,1117,Shelby
1,119,1119,Sumter
1,121,1121,Talladega
1,123,1123,Tallapoosa
1,125,1125,Tuscaloosa
1,127,1127,Walker
1,129,1129,Washington
1,131,1131,Wilcox
1,133,1133,Winston
2,13,2013,Aleutians East
2,16,2016,Aleutians West
2,20,2020,Anchorage
2,50,2050,Bethel
2,60,2060,Bristol Bay
2,68,2068,Denali
2,70,2070,Dillingham
2,90,2090,Fairbanks North Star
2,100,2100,Haines
2,105,2105,Hoonah-Angoon
2,110,2110,Juneau
2,122,2122,Kenai Peninsula
2,130,2130,Ketchikan Gateway
2,150,2150,Kodiak Island
2,158,2158,Kusilvak
2,164,2164,Lake and Peninsula
2,170,2170,Matanuska-Susitna
2,180,2180,Nome
2,185,2185,North Slope
2,188,2188,Northwest Arctic
2,195,2195,Petersburg
2,198,2198,Prince of Wales-Hyder
2,220,2220,Sitka
2,230,2230,Skagway
2,240,2240,Southeast Fairbanks
2,261,2261,Valdez-Cordova
2,275,2275,Wrangell
2,282,2282,Yakutat
2,290,2290,Yukon-Koyukuk
4,1,4001,Apache
4,3,4003,Cochise
4,5,4005,Coconino
4,7,4007,Gila
4,9,4009,Graham
4,11,4011,Greenlee
4,12,4012,La Paz
4,13,4013,Maricopa
4,15,4015,Mohave
4,17,4017,Navajo
4,19,4019,Pima
4,21,4021,Pinal
4,23,4023,Santa Cruz
4,25,4025,Yavapai
4,27,4027,Yuma
5,1,5001,Arkansas
5,3,5003,Ashley
5,5,5005,Baxter
5,7,5007,Benton
5,9,5009,Boone
5,11,5011,Bradley
5,13,5013,Calhoun
5,15,5015,Carroll
5,17,5017,Chicot
5,19,5019,Clark
5,21,5021,Clay
5,23,5023,Cleburne
5,25,5025,Cleveland
5,27,5027,Columbia
5,29,5029,Conway
5,31,5031,Craighead
5,33,5033,Crawford
5,35,5035,Crittenden
5,37,5037,Cross
5,39,5039,Dallas
5,41,5041,Desha
5,43,5043,Drew
5,45,5045,Faulkner
5,47,5047,Franklin
5,49,5049,Fulton
5,51,5051,Garland
5,53,5053,Grant
5,55,5055,Greene
5,57,5057,Hempstead
5,59,5059,Hot Spring
5,61,5061,Howard
5,63,5063,Independence
5,65,5065,Izard
5,67,5067,Jackson
5,69,5069,Jefferson
5,71,5071,Johnson
5,73,5073,Lafayette
5,75,5075,Lawrence
5,77,5077,Lee
5,79,5079,Lincoln
5,81,5081,Little River
5,83,5083,Logan
5,85,5085,Lonoke
5,87,5087,Madison
5,89,5089,Marion
5,91,5091,Miller
5,93,5093,Mississippi
5,95,5095,Monroe
5,97,5097,Montgomery
5,99,5099,Nevada
5,101,5101,Newton
5,103,5103,Ouachita
5,105,5105,Perry
5,107,5107,Phillips
5,109,5109,Pike
5,111,5111,Poinsett
5,113,5113,Polk
5,115,5115,Pope
5,117,5117,Prairie
5,119,5119,Pulaski
5,121,5121,Randolph
5,123,5123,St. Francis
5,125,5125,Saline
5,127,5127,Scott
5,129,5129,Searcy
5,131,5131,Sebastian
5,133,5133,Sevier
5,135,5135,Sharp
5,137,5137,Stone
5,139,5139,Union
5,141,5141,Van Buren
5,143,5143,Washington
5,145,5145,White
5,147,5147,Woodruff
5,149,5149,Yell
6,1,6001,Alameda
6,3,6003,Alpine
6,5,6005,Amador
6,7,6007,Butte
6,9,6009,Calaveras
6,11,6011,Colusa
6,13,6013,Contra Costa
6,15,6015,Del Norte
6,17,6017,El Dorado
6,19,6019,Fresno
6,21,6021,Glenn
6,23,6023,Humboldt
6,25,6025,Imperial
6,27,6027,Inyo
6,29,6029,Kern
6,31,6031,Kings
6,33,6033,Lake
6,35,6035,Lassen
6,37,6037,Los Angeles
6,39,6039,Madera
6,41,6041,Marin
6,43,6043,Mariposa
6,45,6045,Mendocino
6,47,6047,Merced
6,49,6049,Modoc
6,51,6051,Mono
6,53,6053,Monterey
6,55,6055,Napa
6,57,6057,Nevada
6,59,6059,Orange
6,61,6061,Placer
6,63,6063,Plumas
6,65,6065,Riverside
6,67,6067,Sacramento
6,69,6069,San Benito
6,71,6071,San Bernardino
6,73,6073,San Diego
6,75,6075,San Francisco
6,77,6077,San Joaquin
6,79,6079,San Luis Obispo
6,81,6081,San Mateo
6,83,6083,Santa Barbara
6,85,6085,Santa Clara
6,87,6087,Santa Cruz
6,89,6089,Shasta
6,91,6091,Sierra
6,93,6093,Siskiyou
6,95,6095,Solano
6,97,6097,Sonoma
6,99,6099,Stanislaus
6,101,6101,Sutter
6,103,6103,Tehama
6,105,6105,Trinity
6,107,6107,Tulare
6,109,6109,Tuolumne
6,111,6111,Ventura
6,113,6113,Yolo
6,115,6115,Yuba
8,1,8001,Adams
8,3,8003,Alamosa
8,5,8005,Arapahoe
8,7,8007,Archuleta
8,9,8009,Baca
8,11,8011,Bent
8,13,8013,Boulder
8,14,8014,Broomfield
8,15,8015,Chaffee
8,17,8017,Cheyenne
8,19,8019,Clear Creek
8,21,8021,Conejos
8,23,8023,Costilla
8,25,8025,Crowley
8,27,8027,Custer
8,29,8029,Delta
8,31,8031,Denver
8,33,8033,Dolores
8,35,8035,Douglas
8,37,8037,Eagle
8,39,8039,Elbert
8,41,8041,El Paso
8,43,8043,Fremont
8,45,8045,Garfield
8,47,8047,Gilpin
8,49,8049,Grand
8,51,8051,Gunnison
8,53,8053,Hinsdale
8,55,8055,Huerfano
8,57,8057,Jackson
8,59,8059,Jefferson
8,61,8061,Kiowa
8,63,8063,Kit Carson
8,65,8065,Lake
8,67,8067,La Plata
8,69,8069,Larimer
8,71,8071,Las Animas
8,73,8073,Lincoln
8,75,8075,Logan
8,77,8077,Mesa
8,79,8079,Mineral
8,81,8081,Moffat
8,83,8083,Montezuma
8,85,8085,Montrose
8,87,8087,Morgan
8,89,8089,Otero
8,91,8091,Ouray
8,93,8093,Park
8,95,8095,Phillips
8,97,8097,Pitkin
8,99,8099,Prowers
8,101,8101,Pueblo
8,103,8103,Rio Blanco
8,105,8105,Rio Grande
8,107,8107,Routt
8,109,8109,Saguache
8,111,8111,San Juan
8,113,8113,San Miguel
8,115,8115,Sedgwick
8,117,8117,Summit
8,119,8119,Teller
8,121,8121,Washington
8,123,8123,Weld
8,125,8125,Yuma
9,1,9001,Fairfield
9,3,9003,Hartford
9,5,9005,Litchfield
9,7,9007,Middlesex
9,9,9009,New Haven
9,11,9011,New London
9,13,9013,Tolland
9,15,9015,Windham
10,1,10001,Kent
10,3,10003,New Castle
10,5,10005,Sussex
11,1,11001,District of Columbia
12,1,12001,Alachua
12,3,12003,Baker
12,5,12005,Bay
12,7,12007,Bradford
12,9,12009,Brevard
12,11,12011,Broward
12,13,12013,Calhoun
12,15,12015,Charlotte
12,17,12017,Citrus
12,19,12019,Clay
12,21,12021,Collier
12,23,12023,Columbia
12,27,12027,DeSoto
12,29,12029,Dixie
12,31,12031,Duval
12,33,12033,Escambia
12,35,12035,Flagler
12,37,12037,Franklin
12,39,12039,Gadsden
12,41,12041,Gilchrist
12,43,12043,Glades
12,45,12045,Gulf
12,47,12047,Hamilton
12,49,12049,Hardee
12,51,12051,Hendry
12,53,12053,Hernando
12,55,12055,Highlands
12,57,12057,Hillsborough
12,59,12059,Holmes
12,61,12061,Indian River
12,63,12063,Jackson
12,65,12065,Jefferson
12,67,12067,Lafayette
12,69,12069,Lake
12,71,12071,Lee
12,73,12073,Leon
12,75,12075,Levy
12,77,12077,Liberty
12,79,12079,Madison
12,81,12081,Manatee
12,83,12083,Marion
12,85,12085,Martin
12,86,12086,Miami-Dade
12,87,12087,Monroe
12,89,12089,Nassau
12,91,12091,Okaloosa
12,93,12093,Okeechobee
12,95,12095,Orange
12,97,12097,Osceola
12,99,12099,Palm Beach
12,101,12101,Pasco
12,103,12103,Pinellas
12,105,12105,Polk
12,107,12107,Putnam
12,109,12109,St. Johns
12,111,12111,St. Lucie
12,113,12113,Santa Rosa
12,115,12115,Sarasota
12,117,12117,Seminole
12,119,12119,Sumter
12,121,12121,Suwannee
12,123,12123,Taylor
12,125,12125,Union
12,127,12127,Volusia
12,129,12129,Wakulla
12,131,12131,Walton
12,133,12133,Washington
13,1,13001,Appling
13,3,13003,Atkinson
13,5,13005,Bacon
13,7,13007,Baker
13,9,13009,Baldwin
13,11,13011,Banks
13,13,13013,Barrow
13,15,13015,Bartow
13,17,13017,Ben Hill
13,19,13019,Berrien
13,21,13021,Bibb
13,23,13023,Bleckley
13,25,13025,Brantley
13,27,13027,Brooks
13,29,13029,Bryan
13,31,13031,Bulloch
13,33,13033,Burke
13,35,13035,Butts
13,37,13037,Calhoun
13,39,13039,Camden
13,43,13043,Candler
13,45,13045,Carroll
13,47,13047,Catoosa
13,49,13049,Charlton
13,51,13051,Chatham
13,53,13053,Chattahoochee
13,55,13055,Chattooga
13,57,13057,Cherokee
13,59,13059,Clarke
13,61,13061,Clay
13,63,13063,Clayton
13,65,13065,Clinch
13,67,13067,Cobb
13,69,13069,Coffee
13,71,13071,Colquitt
13,73,13073,Columbia
13,75,13075,Cook
13,77,13077,Coweta
13,79,13079,Crawford
13,81,13081,Crisp
13,83,13083,Dade
13,85,13085,Dawson
13,87,13087,Decatur
13,89,13089,DeKalb
13,91,13091,Dodge
13,93,13093,Dooly
13,95,13095,Dougherty
13,97,13097,Douglas
13,99,13099,Early
13,101,13101,Echols
13,103,13103,Effingham
13,105,13105,Elbert
13,107,13107,Emanuel
13,109,13109,Evans
13,111,13111,Fannin
13,113,13113,Fayette
13,115,13115,Floyd
13,117,13117,Forsyth
13,119,13119,Franklin
13,121,13121,Fulton
13,123,13123,Gilmer
13,125,13125,Glascock
13,127,13127,Glynn
13,129,13129,Gordon
13,131,13131,Grady
13,133,13133,Greene
13,135,13135,Gwinnett
13,137,13137,Habersham
13,139,13139,Hall
13,141,13141,Hancock
13,143,13143,Haralson
13,145,13145,Harris
13,147,13147,Hart
13,149,13149,Heard
13,151,13151,Henry
13,153,13153,Houston
13,155,13155,Irwin
13,157,13157,Jackson
13,159,13159,Jasper
13,161,13161,Jeff Davis
13,163,13163,Jefferson
13,165,13165,Jenkins
13,167,13167,Johnson
13,169,13169,Jones
13,171,13171,Lamar
13,173,13173,Lanier
13,175,13175,Laurens
13,177,13177,Lee
13,179,13179,Liberty
13,181,13181,Lincoln
13,183,13183,Long
13,185,13185,Lowndes
13,187,13187,Lumpkin
13,189,13189,McDuffie
13,191,13191,McIntosh
13,193,13193,Macon
13,195,13195,Madison
13,197,13197,Marion
13,199,13199,Meriwether
13,201,13201,Miller
13,205,13205,Mitchell
13,207,13207,Monroe
13,209,13209,Montgomery
13,211,13211,Morgan
13,213,13213,Murray
13,215,13215,Muscogee
13,217,13217,Newton
13,219,13219,Oconee
13,221,13221,Oglethorpe
13,223,13223,Paulding
13,225,13225,Peach
13,227,13227,Pickens
13,229,13229,Pierce
13,231,13231,Pike
13,233,13233,Polk
13,235,13235,Pulaski
13,237,13237,Putnam
13,239,13239,Quitman
13,241,13241,Rabun
13,243,13243,Randolph
13,245,13245,Richmond
13,247,13247,Rockdale
13,249,13249,Schley
13,251,13251,Screven
13,253,13253,Seminole
13,255,13255,Spalding
13,257,13257,Stephens
13,259,13259,Stewart
13,261,13261,Sumter
13,263,13263,Talbot
13,265,13265,Taliaferro
13,267,13267,Tattnall
13,269,13269,Taylor
13,271,13271,Telfair
13,273,13273,Terrell
13,275,13275,Thomas
13,277,13277,Tift
13,279,13279,Toombs
13,281,13281,Towns
13,283,13283,Treutlen
13,285,13285,Troup
13,287,13287,Turner
13,289,13289,Twiggs
13,291,13291,Union
13,293,13293,Upson
13,295,13295,Walker
13,297,13297,Walton
13,299,13299,Ware
13,301,13301,Warren
13,303,13303,Washington
13,305,13305,Wayne
13,307,13307,Webster
13,309,13309,Wheeler
13,311,13311,White
13,313,13313,Whitfield
13,315,13315,Wilcox
13,317,13317,Wilkes
13,319,13319,Wilkinson
13,321,13321,Worth
15,1,15001,Hawaii
15,3,15003,Honolulu
15,5,15005,Kalawao
15,7,15007,Kauai
15,9,15009,Maui
16,1,16001,Ada
16,3,16003,Adams
16,5,16005,Bannock
16,7,16007,Bear Lake
16,9,16009,Benewah
16,11,16011,Bingham
16,13,16013,Blaine
16,15,16015,Boise
16,17,16017,Bonner
16,19,16019,Bonneville
16,21,16021,Boundary
16,23,16023,Butte
16,25,16025,Camas
16,27,16027,Canyon
16,29,16029,Caribou
16,31,16031,Cassia
16,33,16033,Clark
16,35,16035,Clearwater
16,37,16037,Custer
16,39,16039,Elmore
16,41,16041,Franklin
16,43,16043,Fremont
16,45,16045,Gem
16,47,16047,Gooding
16,49,16049,Idaho
16,51,16051,Jefferson
16,53,16053,Jerome
16,55,16055,Kootenai
16,57,16057,Latah
16,59,16059,Lemhi
16,61,16061,Lewis
16,63,16063,Lincoln
16,65,16065,Madison
16,67,16067,Minidoka
16,69,16069,Nez Perce
16,71,16071,Oneida
16,73,16073,Owyhee
16,75,16075,Payette
16,77,16077,Power
16,79,16079,Shoshone
16,81,16081,Teton
16,83,16083,Twin Falls
16,85,16085,Valley
16,87,16087,Washington
17,1,17001,Adams
17,3,17003,Alexander
17,5,17005,Bond
17,7,17007,Boone
17,9,17009,Brown
17,11,17011,Bureau
17,13,17013,Calhoun
17,15,17015,Carroll
17,17,17017,Cass
17,19,17019,Champaign
17,21,17021,Christian
17,23,17023,Clark
17,25,17025,Clay
17,27,17027,Clinton
17,29,17029,Coles
17,31,17031,Cook
17,33,17033,Crawford
17,35,17035,Cumberland
17,37,17037,DeKalb
17,39,17039,De Witt
17,41,17041,Douglas
17,43,17043,DuPage
17,45,17045,Edgar
17,47,17047,Edwards
17,49,17049,Effingham
17,51,17051,Fayette
17,53,17053,Ford
17,55,17055,Franklin
17,57,17057,Fulton
17,59,17059,Gallatin
17,61,17061,Greene
17,63,17063,Grundy
17,65,17065,Hamilton
17,67,17067,Hancock
17,69,17069,Hardin
17,71,17071,Henderson
17,73,17073,Henry
17,75,17075,Iroquois
17,77,17077,Jackson
17,79,17079,Jasper
17,81,17081,Jefferson
17,83,17083,Jersey
17,85,17085,Jo Daviess
17,87,17087,Johnson
17,89,17089,Kane
17,91,17091,Kankakee
17,93,17093,Kendall
17,95,17095,Knox
17,97,17097,Lake
17,99,17099,LaSalle
17,101,17101,Lawrence
17,103,17103,Lee
17,105,17105,Livingston
17,107,17107,Logan
17,109,17109,McDonough
17,111,17111,McHenry
17,113,17113,McLean
17,115,17115,Macon
17,117,17117,Macoupin
17,119,17119,Madison
17,121,17121,Marion
17,123,17123,Marshall
17,125,17125,Mason
17,127,17127,Massac
17,129,17129,Menard
17,131,17131,Mercer
17,133,17133,Monroe
17,135,17135,Montgomery
17,137,17137,Morgan
17,139,17139,Moultrie
17,141,17141,Ogle
17,143,17143,Peoria
17,145,17145,Perry
17,147,17147,Piatt
17,149,17149,Pike
17,151,17151,Pope
17,153,17153,Pulaski
17,155,17155,Putnam
17,157,17157,Randolph
17,159,17159,Richland
17,161,17161,Rock Island
17,163,17163,St. Clair
17,165,17165,Saline
17,167,17167,Sangamon
17,169,17169,Schuyler
17,171,17171,Scott
17,173,17173,Shelby
17,175,17175,Stark
17,177,17177,Stephenson
17,179,17179,Tazewell
17,181,17181,Union
17,183,17183,Vermilion
17,185,17185,Wabash
17,187,17187,Warren
17,189,17189,Washington
17,191,17191,Wayne
17,193,17193,White
17,195,17195,Whiteside
17,197,17197,Will
17,199,17199,Williamson
17,201,17201,Winnebago
17,203,17203,Woodford
18,1,18001,Adams
18,3,18003,Allen
18,5,18005,Bartholomew
18,7,18007,Benton
18,9,18009,Blackford
18,11,18011,Boone
18,13,18013,Brown
18,15,18015,Carroll
18,17,18017,Cass
18,19,18019,Clark
18,21,18021,Clay
18,23,18023,Clinton
18,25,18025,Crawford
18,27,18027,Daviess
18,29,18029,Dearborn
18,31,18031,Decatur
18,33,18033,DeKalb
18,35,18035,Delaware
18,37,18037,Dubois
18,39,18039,Elkhart
18,41,18041,Fayette
18,43,18043,Floyd
18,45,18045,Fountain
18,47,18047,Franklin
18,49,18049,Fulton
18,51,18051,Gibson
18,53,18053,Grant
18,55,18055,Greene
18,57,18057,Hamilton
18,59,18059,Hancock
18,61,18061,Harrison
18,63,18063,Hendricks
18,65,18065,Henry
18,67,18067,Howard
18,69,18069,Huntington
18,71,18071,Jackson
18,73,18073,Jasper
18,75,18075,Jay
18,77,18077,Jefferson
18,79,18079,Jennings
18,81,18081,Johnson
18,83,18083,Knox
18,85,18085,Kosciusko
18,87,18087,LaGrange
18,89,18089,Lake
18,91,18091,LaPorte
18,93,18093,Lawrence
18,95,18095,Madison
18,97,18097,Marion
18,99,18099,Marshall
18,101,18101,Martin
18,103,18103,Miami
18,105,18105,Monroe
18,107,18107,Montgomery
18,109,18109,Morgan
18,111,18111,Newton
18,113,18113,Noble
18,115,18115,Ohio
18,117,18117,Orange
18,119,18119,Owen
18,121,18121,Parke
18,123,18123,Perry
18,125,18125,Pike
18,127,18127,Porter
18,129,18129,Posey
18,131,18131,Pulaski
18,133,18133,Putnam
18,135,18135,Randolph
18,137,18137,Ripley
18,139,18139,Rush
18,141,18141,St. Joseph
18,143,18143,Scott
18,145,18145,Shelby
18,147,18147,Spencer
18,149,18149,Starke
18,151,18151,Steuben
18,153,18153,Sullivan
18,155,18155,Switzerland
18,157,18157,Tippecanoe
18,159,18159,Tipton
18,161,18161,Union
18,163,18163,Vanderburgh
18,165,18165,Vermillion
18,167,18167,Vigo
18,169,18169,Wabash
18,171,18171,Warren
18,173,18173,Warrick
18,175,18175,Washington
18,177,18177,Wayne
18,179,18179,Wells
18,181,18181,White
18,183,18183,Whitley
19,1,19001,Adair
19,3,19003,Adams
19,5,19005,Allamakee
19,7,19007,Appanoose
19,9,19009,Audubon
19,11,19011,Benton
19,13,19013,Black Hawk
19,15,19015,Boone
19,17,19017,Bremer
19,19,19019,Buchanan
19,21,19021,Buena Vista
19,23,19023,Butler
19,25,19025,Calhoun
19,27,19027,Carroll
19,29,19029,Cass
19,31,19031,Cedar
19,33,19033,Cerro Gordo
19,35,19035,Cherokee
19,37,19037,Chickasaw
19,39,19039,Clarke
19,41,19041,Clay
19,43,19043,Clayton
19,45,19045,Clinton
19,47,19047,Crawford
19,49,19049,Dallas
19,51,19051,Davis
19,53,19053,Decatur
19,55,19055,Delaware
19,57,19057,Des Moines
19,59,19059,Dickinson
19,61,19061,Dubuque
19,63,19063,Emmet
19,65,19065,Fayette
19,67,19067,Floyd
19,69,19069,Franklin
19,71,19071,Fremont
19,73,19073,Greene
19,75,19075,Grundy
19,77,19077,Guthrie
19,79,19079,Hamilton
19,81,19081,Hancock
19,83,19083,Hardin
19,85,19085,Harrison
19,87,19087,Henry
19,89,19089,Howard
19,91,19091,Humboldt
19,93,19093,Ida
19,95,19095,Iowa
19,97,19097,Jackson
19,99,19099,Jasper
19,101,19101,Jefferson
19,103,19103,Johnson
19,105,19105,Jones
19,107,19107,Keokuk
19,109,19109,Kossuth
19,111,19111,Lee
19,113,19113,Linn
19,115,19115,Louisa
19,117,19117,Lucas
19,119,19119,Lyon
19,121,19121,Madison
19,123,19123,Mahaska
19,125,19125,Marion
19,127,19127,Marshall
19,129,19129,Mills
19,131,19131,Mitchell
19,133,19133,Monona
19,135,19135,Monroe
19,137,19137,Montgomery
19,139,19139,Muscatine
19,141,19141,O'Brien
19,143,19143,Osceola
19,145,19145,Page
19,147,19147,Palo Alto
19,149,19149,Plymouth
19,151,19151,Pocahontas
19,153,19153,Polk
19,155,19155,Pottawattamie
19,157,19157,Poweshiek
19,159,19159,Ringgold
19,161,19161,Sac
19,163,19163,Scott
19,165,19165,Shelby
19,167,19167,Sioux
19,169,19169,Story
19,171,19171,Tama
19,173,19173,Taylor
19,175,19175,Union
19,177,19177,Van Buren
19,179,19179,Wapello
19,181,19181,Warren
19,183,19183,Washington
19,185,19185,Wayne
19,187,19187,Webster
19,189,19189,Winnebago
19,191,19191,Winneshiek
19,193,19193,Woodbury
19,195,19195,Worth
19,197,19197,Wright
20,1,20001,Allen
20,3,20003,Anderson
20,5,20005,Atchison
20,7,20007,Barber
20,9,20009,Barton
20,11,20011,Bourbon
20,13,20013,Brown
20,15,20015,Butler
20,17,20017,Chase
20,19,20019,Chautauqua
20,21,20021,Cherokee
20,23,20023,Cheyenne
20,25,20025,Clark
20,27,20027,Clay
20,29,20029,Cloud
20,31,20031,Coffey
20,33,20033,Comanche
20,35,20035,Cowley
20,37,20037,Crawford
20,39,20039,Decatur
20,41,20041,Dickinson
20,43,20043,Doniphan
20,45,20045,Douglas
20,47,20047,Edwards
20,49,20049,Elk
20,51,20051,Ellis
20,53,20053,Ellsworth
20,55,20055,Finney
20,57,20057,Ford
20,59,20059,Franklin
20,61,20061,Geary
20,63,20063,Gove
20,65,20065,Graham
20,67,20067,Grant
20,69,20069,Gray
20,71,20071,Greeley
20,73,20073,Greenwood
20,75,20075,Hamilton
20,77,20077,Harper
20,79,20079,Harvey
20,81,20081,Haskell
20,83,20083,Hodgeman
20,85,20085,Jackson
20,87,20087,Jefferson
20,89,20089,Jewell
20,91,20091,Johnson
20,93,20093,Kearny
20,95,20095,Kingman
20,97,20097,Kiowa
20,99,20099,Labette
20,101,20101,Lane
20,103,20103,Leavenworth
20,105,20105,Lincoln
20,107,20107,Linn
20,109,20109,Logan
20,111,20111,Lyon
20,113,20113,McPherson
20,115,20115,Marion
20,117,20117,Marshall
20,119,20119,Meade
20,121,20121,Miami
20,123,20123,Mitchell
20,125,20125,Montgomery
20,127,20127,Morris
20,129,20129,Morton
20,131,20131,Nemaha
20,133,20133,Neosho
20,135,20135,Ness
20,137,20137,Norton
20,139,20139,Osage
20,141,20141,Osborne
20,143,20143,Ottawa
20,145,20145,Pawnee
20,147,20147,Phillips
20,149,20149,Pottawatomie
20,151,20151,Pratt
20,153,20153,Rawlins
20,155,20155,Reno
20,157,20157,Republic
20,159,20159,Rice
20,161,20161,Riley
20,163,20163,Rooks
20,165,20165,Rush
20,167,20167,Russell
20,169,20169,Saline
20,171,20171,Scott
20,173,20173,Sedgwick
20,175,20175,Seward
20,177,20177,Shawnee
20,179,20179,Sheridan
20,181,20181,Sherman
20,183,20183,Smith
20,185,20185,Stafford
20,187,20187,Stanton
20,189,20189,Stevens
20,191,20191,Sumner
20,193,20193,Thomas
20,195,20195,Trego
20,197,20197,Wabaunsee
20,199,20199,Wallace
20,201,20201,Washington
20,203,20203,Wichita
20,205,20205,Wilson
20,207,20207,Woodson
20,209,20209,Wyandotte
21,1,21001,Adair
21,3,21003,Allen
21,5,21005,Anderson
21,7,21007,Ballard
21,9,21009,Barren
21,11,21011,Bath
21,13,21013,Bell
21,15,21015,Boone
21,17,21017,Bourbon
21,19,21019,Boyd
21,21,21021,Boyle
21,23,21023,Bracken
21,25,21025,Breathitt
21,27,21027,Breckinridge
21,29,21029,Bullitt
21,31,21031,Butler
21,33,21033,Caldwell
21,35,21035,Calloway
21,37,21037,Campbell
21,39,21039,Carlisle
21,41,21041,Carroll
21,43,21043,Carter
21,45,21045,Casey
21,47,21047,Christian
21,49,21049,Clark
21,51,21051,Clay
21,53,21053,Clinton
21,55,21055,Crittenden
21,57,21057,Cumberland
21,59,21059,Daviess
21,61,21061,Edmonson
21,63,21063,Elliott
21,65,21065,Estill
21,67,21067,Fayette
21,69,21069,Fleming
21,71,21071,Floyd
21,73,21073,Franklin
21,75,21075,Fulton
21,77,21077,Gallatin
21,79,21079,Garrard
21,81,21081,Grant
21,83,21083,Graves
21,85,21085,Grayson
21,87,21087,Green
21,89,21089,Greenup
21,91,21091,Hancock
21,93,21093,Hardin
21,95,21095,Harlan
21,97,21097,Harrison
21,99,21099,Hart
21,101,21101,Henderson
21,103,21103,Henry
21,105,21105,Hickman
21,107,21107,Hopkins
21,109,21109,Jackson
21,111,21111,Jefferson
21,113,21113,Jessamine
21,115,21115,Johnson
21,117,21117,Kenton
21,119,21119,Knott
21,121,21121,Knox
21,123,21123,Larue
21,125,21125,Laurel
21,127,21127,Lawrence
21,129,21129,Lee
21,131,21131,Leslie
21,133,21133,Letcher
21,135,21135,Lewis
21,137,21137,Lincoln
21,139,21139,Livingston
21,141,21141,Logan
21,143,21143,Lyon
21,145,21145,McCracken
21,147,21147,McCreary
21,149,21149,McLean
21,151,21151,Madison
21,153,21153,Magoffin
21,155,21155,Marion
21,157,21157,Marshall
21,159,21159,Martin
21,161,21161,Mason
21,163,21163,Meade
21,165,21165,Menifee
21,167,21167,Mercer
21,169,21169,Metcalfe
21,171,21171,Monroe
21,173,21173,Montgomery
21,175,21175,Morgan
21,177,21177,Muhlenberg
21,179,21179,Nelson
21,181,21181,Nicholas
21,183,21183,Ohio
21,185,21185,Oldham
21,187,21187,Owen
21,189,21189,Owsley
21,191,21191,Pendleton
21,193,21193,Perry
21,195,21195,Pike
21,197,21197,Powell
21,199,21199,Pulaski
21,201,21201,Robertson
21,203,21203,Rockcastle
21,205,21205,Rowan
21,207,21207,Russell
21,209,21209,Scott
21,211,21211,Shelby
21,213,21213,Simpson
21,215,21215,Spencer
21,217,21217,Taylor
21,219,21219,Todd
21,221,21221,Trigg
21,223,21223,Trimble
21,225,21225,Union
21,227,21227,Warren
21,229,21229,Washington
21,231,21231,Wayne
21,233,21233,Webster
21,235,21235,Whitley
21,237,21237,Wolfe
21,239,21239,Woodford
22,1,22001,Acadia
22,3,22003,Allen
22,5,22005,Ascension
22,7,22007,Assumption
22,9,22009,Avoyelles
22,11,22011,Beauregard
22,13,22013,Bienville
22,15,22015,Bossier
22,17,22017,Caddo
22,19,22019,Calcasieu
22,21,22021,Caldwell
22,23,22023,Cameron
22,25,22025,Catahoula
22,27,22027,Claiborne
22,29,22029,Concordia
22,31,22031,De Soto
22,33,22033,East Baton Rouge
22,35,22035,East Carroll
22,37,22037,East Feliciana
22,39,22039,Evangeline
22,41,22041,Franklin
22,43,22043,Grant
22,45,22045,Iberia
22,47,22047,Iberville
22,49,22049,Jackson
22,51,22051,Jefferson
22,53,22053,Jefferson Davis
22,55,22055,Lafayette
22,57,22057,Lafourche
22,59,22059,LaSalle
22,61,22061,Lincoln
22,63,22063,Livingston
22,65,22065,Madison
22,67,22067,Morehouse
22,69,22069,Natchitoches
22,71,22071,Orleans
22,73,22073,Ouachita
22,75,22075,Plaquemines
22,77,22077,Pointe Coupee
22,79,22079,Rapides
22,81,22081,Red River
22,83,22083,Richland
22,85,22085,Sabine
22,87,22087,St. Bernard
22,89,22089,St. Charles
22,91,22091,St. Helena
22,93,22093,St. James
22,95,22095,St. John the Baptist
22,97,22097,St. Landry
22,99,22099,St. Martin
22,101,22101,St. Mary
22,103,22103,St. Tammany
22,105,22105,Tangipahoa
22,107,22107,Tensas
22,109,22109,Terrebonne
22,111,22111,Union
22,113,22113,Vermilion
22,115,22115,Vernon
22,117,22117,Washington
22,119,22119,Webster
22,121,22121,West Baton Rouge
22,123,22123,West Carroll
22,125,22125,West Feliciana
22,127,22127,Winn
23,1,23001,Androscoggin
23,3,23003,Aroostook
23,5,23005,Cumberland
23,7,23007,Franklin
23,9,23009,Hancock
23,11,23011,Kennebec
23,13,23013,Knox
23,15,23015,Lincoln
23,17,23017,Oxford
23,19,23019,Penobscot
23,21,23021,Piscataquis
23,23,23023,Sagadahoc
23,25,23025,Somerset
23,27,23027,Waldo
23,29,23029,Washington
23,31,23031,York
24,1,24001,Allegany
24,3,24003,Anne Arundel
24,5,24005,Baltimore
24,9,24009,Calvert
24,11,24011,Caroline
24,13,24013,Carroll
24,15,24015,Cecil
24,17,24017,Charles
24,19,24019,Dorchester
24,21,24021,Frederick
24,23,24023,Garrett
24,25,24025,Harford
24,27,24027,Howard
24,29,24029,Kent
24,31,24031,Montgomery
24,33,24033,Prince George's
24,35,24035,Queen Anne's
24,37,24037,St. Mary's
24,39,24039,Somerset
24,41,24041,Talbot
24,43,24043,Washington
24,45,24045,Wicomico
24,47,24047,Worcester
24,510,24510,Baltimore
25,1,25001,Barnstable
25,3,25003,Berkshire
25,5,25005,Bristol
25,7,25007,Dukes
25,9,25009,Essex
25,11,25011,Franklin
25,13,25013,Hampden
25,15,25015,Hampshire
25,17,25017,Middlesex
25,19,25019,Nantucket
25,21,25021,Norfolk
25,23,25023,Plymouth
25,25,25025,Suffolk
25,27,25027,Worcester
26,1,26001,Alcona
26,3,26003,Alger
26,5,26005,Allegan
26,7,26007,Alpena
26,9,26009,Antrim
26,11,26011,Arenac
26,13,26013,Baraga
26,15,26015,Barry
26,17,26017,Bay
26,19,26019,Benzie
26,21,26021,Berrien
26,23,26023,Branch
26,25,26025,Calhoun
26,27,26027,Cass
26,29,26029,Charlevoix
26,31,26031,Cheboygan
26,33,26033,Chippewa
26,35,26035,Clare
26,37,26037,Clinton
26,39,26039,Crawford
26,41,26041,Delta
26,43,26043,Dickinson
26,45,26045,Eaton
26,47,26047,Emmet
26,49,26049,Genesee
26,51,26051,Gladwin
26,53,26053,Gogebic
26,55,26055,Grand Traverse
26,57,26057,Gratiot
26,59,26059,Hillsdale
26,61,26061,Houghton
26,63,26063,Huron
26,65,26065,Ingham
26,67,26067,Ionia
26,69,26069,Iosco
26,71,26071,Iron
26,73,26073,Isabella
26,75,26075,Jackson
26,77,26077,Kalamazoo
26,79,26079,Kalkaska
26,81,26081,Kent
26,83,26083,Keweenaw
26,85,26085,Lake
26,87,26087,Lapeer
26,89,26089,Leelanau
26,91,26091,Lenawee
26,93,26093,Livingston
26,95,26095,Luce
26,97,26097,Mackinac
26,99,26099,Macomb
26,101,26101,Manistee
26,103,26103,Marquette
26,105,26105,Mason
26,107,26107,Mecosta
26,109,26109,Menominee
26,111,26111,Midland
26,113,26113,Missaukee
26,115,26115,Monroe
26,117,26117,Montcalm
26,119,26119,Montmorency
26,121,26121,Muskegon
26,123,26123,Newaygo
26,125,26125,Oakland
26,127,26127,Oceana
26,129,26129,Ogemaw
26,131,26131,Ontonagon
26,133,26133,Osceola
26,135,26135,Oscoda
26,137,26137,Otsego
26,139,26139,Ottawa
26,141,26141,Presque Isle
26,143,26143,Roscommon
26,145,26145,Saginaw
26,147,26147,St. Clair
26,149,26149,St. Joseph
26,151,26151,Sanilac
26,153,26153,Schoolcraft
26,155,26155,Shiawassee
26,157,26157,Tuscola
26,159,26159,Van Buren
26,161,26161,Washtenaw
26,163,26163,Wayne
26,165,26165,Wexford
27,1,27001,Aitkin
27,3,27003,Anoka
27,5,27005,Becker
27,7,27007,Beltrami
27,9,27009,Benton
27,11,27011,Big Stone
27,13,27013,Blue Earth
27,15,27015,Brown
27,17,27017,Carlton
27,19,27019,Carver
27,21,27021,Cass
27,23,27023,Chippewa
27,25,27025,Chisago
27,27,27027,Clay
27,29,27029,Clearwater
27,31,27031,Cook
27,33,27033,Cottonwood
27,35,27035,Crow Wing
27,37,27037,Dakota
27,39,27039,Dodge
27,41,27041,Douglas
27,43,27043,Faribault
27,45,27045,Fillmore
27,47,27047,Freeborn
27,49,27049,Goodhue
27,51,27051,Grant
27,53,27053,Hennepin
27,55,27055,Houston
27,57,27057,Hubbard
27,59,27059,Isanti
27,61,27061,Itasca
27,63,27063,Jackson
27,65,27065,Kanabec
27,67,27067,Kandiyohi
27,69,27069,Kittson
27,71,27071,Koochiching
27,73,27073,Lac qui Parle
27,75,27075,Lake
27,77,27077,Lake of the Woods
27,79,27079,Le Sueur
27,81,27081,Lincoln
27,83,27083,Lyon
27,85,27085,McLeod
27,87,27087,Mahnomen
27,89,27089,Marshall
27,91,27091,Martin
27,93,27093,Meeker
27,95,27095,Mille Lacs
27,97,27097,Morrison
27,99,27099,Mower
27,101,27101,Murray
27,103,27103,Nicollet
27,105,27105,Nobles
27,107,27107,Norman
27,109,27109,Olmsted
27,111,27111,Otter Tail
27,113,27113,Pennington
27,115,27115,Pine
27,117,27117,Pipestone
27,119,27119,Polk
27,121,27121,Pope
27,123,27123,Ramsey
27,125,27125,Red Lake
27,127,27127,Redwood
27,129,27129,Renville
27,131,27131,Rice
27,133,27133,Rock
27,135,27135,Roseau
27,137,27137,St. Louis
27,139,27139,Scott
27,141,27141,Sherburne
27,143,27143,Sibley
27,145,27145,Stearns
27,147,27147,Steele
27,149,27149,Stevens
27,151,27151,Swift
27,153,27153,Todd
27,155,27155,Traverse
27,157,27157,Wabasha
27,159,27159,Wadena
27,161,27161,Waseca
27,163,27163,Washington
27,165,27165,Watonwan
27,167,27167,Wilkin
27,169,27169,Winona
27,171,27171,Wright
27,173,27173,Yellow Medicine
28,1,28001,Adams
28,3,28003,Alcorn
28,5,28005,Amite
28,7,28007,Attala
28,9,28009,Benton
28,11,28011,Bolivar
28,13,28013,Calhoun
28,15,28015,Carroll
28,17,28017,Chickasaw
28,19,28019,Choctaw
28,21,28021,Claiborne
28,23,28023,Clarke
28,25,28025,Clay
28,27,28027,Coahoma
28,29,28029,Copiah
28,31,28031,Covington
28,33,28033,DeSoto
28,35,28035,Forrest
28,37,28037,Franklin
28,39,28039,George
28,41,28041,Greene
28,43,28043,Grenada
28,45,28045,Hancock
28,47,28047,Harrison
28,49,28049,Hinds
28,51,28051,Holmes
28,53,28053,Humphreys
28,55,28055,Issaquena
28,57,28057,Itawamba
28,59,28059,Jackson
28,61,28061,Jasper
28,63,28063,Jefferson
28,65,28065,Jefferson Davis
28,67,28067,Jones
28,69,28069,Kemper
28,71,28071,Lafayette
28,73,28073,Lamar
28,75,28075,Lauderdale
28,77,28077,Lawrence
28,79,28079,Leake
28,81,28081,Lee
28,83,28083,Leflore
28,85,28085,Lincoln
28,87,28087,Lowndes
28,89,28089,Madison
28,91,28091,Marion
28,93,28093,Marshall
28,95,28095,Monroe
28,97,28097,Montgomery
28,99,28099,Neshoba
28,101,28101,Newton
28,103,28103,Noxubee
28,105,28105,Oktibbeha
28,107,28107,Panola
28,109,28109,Pearl River
28,111,28111,Perry
28,113,28113,Pike
28,115,28115,Pontotoc
28,117,28117,Prentiss
28,119,28119,Quitman
28,121,28121,Rankin
28,123,28123,Scott
28,125,28125,Sharkey
28,127,28127,Simpson
28,129,28129,Smith
28,131,28131,Stone
28,133,28133,Sunflower
28,135,28135,Tallahatchie
28,137,28137,Tate
28,139,28139,Tippah
28,141,28141,Tishomingo
28,143,28143,Tunica
28,145,28145,Union
28,147,28147,Walthall
28,149,28149,Warren
28,151,28151,Washington
28,153,28153,Wayne
28,155,28155,Webster
28,157,28157,Wilkinson
28,159,28159,Winston
28,161,28161,Yalobusha
28,163,28163,Yazoo
29,1,29001,Adair
29,3,29003,Andrew
29,5,29005,Atchison
29,7,29007,Audrain
29,9,29009,Barry
29,11,29011,Barton
29,13,29013,Bates
29,15,29015,Benton
29,17,29017,Bollinger
29,19,29019,Boone
29,21,29021,Buchanan
29,23,29023,Butler
29,25,29025,Caldwell
29,27,29027,Callaway
29,29,29029,Camden
29,31,29031,Cape Girardeau
29,33,29033,Carroll
29,35,29035,Carter
29,37,29037,Cass
29,39,29039,Cedar
29,41,29041,Chariton
29,43,29043,Christian
29,45,29045,Clark
29,47,29047,Clay
29,49,29049,Clinton
29,51,29051,Cole
29,53,29053,Cooper
29,55,29055,Crawford
29,57,29057,Dade
29,59,29059,Dallas
29,61,29061,Daviess
29,63,29063,DeKalb
29,65,29065,Dent
29,67,29067,Douglas
29,69,29069,Dunklin
29,71,29071,Franklin
29,73,29073,Gasconade
29,75,29075,Gentry
29,77,29077,Greene
29,79,29079,Grundy
29,81,29081,Harrison
29,83,29083,Henry
29,85,29085,Hickory
29,87,29087,Holt
29,89,29089,Howard
29,91,29091,Howell
29,93,29093,Iron
29,95,29095,Jackson
29,97,29097,Jasper
29,99,29099,Jefferson
29,101,29101,Johnson
29,103,29103,Knox
29,105,29105,Laclede
29,107,29107,Lafayette
29,109,29109,Lawrence
29,111,29111,Lewis
29,113,29113,Lincoln
29,115,29115,Linn
29,117,29117,Livingston
29,119,29119,McDonald
29,121,29121,Macon
29,123,29123,Madison
29,125,29125,Maries
29,127,29127,Marion
29,129,29129,Mercer
29,131,29131,Miller
29,133,29133,Mississippi
29,135,29135,Moniteau
29,137,29137,Monroe
29,139,29139,Montgomery
29,141,29141,Morgan
29,143,29143,New Madrid
29,145,29145,Newton
29,147,29147,Nodaway
29,149,29149,Oregon
29,151,29151,Osage
29,153,29153,Ozark
29,155,29155,Pemiscot
29,157,29157,Perry
29,159,29159,Pettis
29,161,29161,Phelps
29,163,29163,Pike
29,165,29165,Platte
29,167,29167,Polk
29,169,29169,Pulaski
29,171,29171,Putnam
29,173,29173,Ralls
29,175,29175,Randolph
29,177,29177,Ray
29,179,29179,Reynolds
29,181,29181,Ripley
29,183,29183,St. Charles
29,185,29185,St. Clair
29,186,29186,Ste. Genevieve
29,187,29187,St. Francois
29,189,29189,St. Louis
29,195,29195,Saline
29,197,29197,Schuyler
29,199,29199,Scotland
29,201,29201,Scott
29,203,29203,Shannon
29,205,29205,Shelby
29,207,29207,Stoddard
29,209,29209,Stone
29,211,29211,Sullivan
29,213,29213,Taney
29,215,29215,Texas
29,217,29217,Vernon
29,219,29219,Warren
29,221,29221,Washington
29,223,29223,Wayne
29,225,29225,Webster
29,227,29227,Worth
29,229,29229,Wright
29,510,29510,St. Louis
30,1,30001,Beaverhead
30,3,30003,Big Horn
30,5,30005,Blaine
30,7,30007,Broadwater
30,9,30009,Carbon
30,11,30011,Carter
30,13,30013,Cascade
30,15,30015,Chouteau
30,17,30017,Custer
30,19,30019,Daniels
30,21,30021,Dawson
30,23,30023,Deer Lodge
30,25,30025,Fallon
30,27,30027,Fergus
30,29,30029,Flathead
30,31,30031,Gallatin
30,33,30033,Garfield
30,35,30035,Glacier
30,37,30037,Golden Valley
30,39,30039,Granite
30,41,30041,Hill
30,43,30043,Jefferson
30,45,30045,Judith Basin
30,47,30047,Lake
30,49,30049,Lewis and Clark
30,51,30051,Liberty
30,53,30053,Lincoln
30,55,30055,McCone
30,57,30057,Madison
30,59,30059,Meagher
30,61,30061,Mineral
30,63,30063,Missoula
30,65,30065,Musselshell
30,67,30067,Park
30,69,30069,Petroleum
30,71,30071,Phillips
30,73,30073,Pondera
30,75,30075,Powder River
30,77,30077,Powell
30,79,30079,Prairie
30,81,30081,Ravalli
30,83,30083,Richland
30,85,30085,Roosevelt
30,87,30087,Rosebud
30,89,30089,Sanders
30,91,30091,Sheridan
30,93,30093,Silver Bow
30,95,30095,Stillwater
30,97,30097,Sweet Grass
30,99,30099,Teton
30,101,30101,Toole
30,103,30103,Treasure
30,105,30105,Valley
30,107,30107,Wheatland
30,109,30109,Wibaux
30,111,30111,Yellowstone
31,1,31001,Adams
31,3,31003,Antelope
31,5,31005,Arthur
31,7,31007,Banner
31,9,31009,Blaine
31,11,31011,Boone
31,13,31013,Box Butte
31,15,31015,Boyd
31,17,31017,Brown
31,19,31019,Buffalo
31,21,31021,Burt
31,23,31023,Butler
31,25,31025,Cass
31,27,31027,Cedar
31,29,31029,Chase
31,31,31031,Cherry
31,33,31033,Cheyenne
31,35,31035,Clay
31,37,31037,Colfax
31,39,31039,Cuming
31,41,31041,Custer
31,43,31043,Dakota
31,45,31045,Dawes
31,47,31047,Dawson
31,49,31049,Deuel
31,51,31051,Dixon
31,53,31053,Dodge
31,55,31055,Douglas
31,57,31057,Dundy
31,59,31059,Fillmore
31,61,31061,Franklin
31,63,31063,Frontier
31,65,31065,Furnas
31,67,31067,Gage
31,69,31069,Garden
31,71,31071,Garfield
31,73,31073,Gosper
31,75,31075,Grant
31,77,31077,Greeley
31,79,31079,Hall
31,81,31081,Hamilton
31,83,31083,Harlan
31,85,31085,Hayes
31,87,31087,Hitchcock
31,89,31089,Holt
31,91,31091,Hooker
31,93,31093,Howard
31,95,31095,Jefferson
31,97,31097,Johnson
31,99,31099,Kearney
31,101,31101,Keith
31,103,31103,Keya Paha
31,105,31105,Kimball
31,107,31107,Knox
31,109,31109,Lancaster
31,111,31111,Lincoln
31,113,31113,Logan
31,115,31115,Loup
31,117,31117,McPherson
31,119,31119,Madison
31,121,31121,Merrick
31,123,31123,Morrill
31,125,31125,Nance
31,127,31127,Nemaha
31,129,31129,Nuckolls
31,131,31131,Otoe
31,133,31133,Pawnee
31,135,31135,Perkins
31,137,31137,Phelps
31,139,31139,Pierce
31,141,31141,Platte
31,143,31143,Polk
31,145,31145,Red Willow
31,147,31147,Richardson
31,149,31149,Rock
31,151,31151,Saline
31,153,31153,Sarpy
31,155,31155,Saunders
31,157,31157,Scotts Bluff
31,159,31159,Seward
31,161,31161,Sheridan
31,163,31163,Sherman
31,165,31165,Sioux
31,167,31167,Stanton
31,169,31169,Thayer
31,171,31171,Thomas
31,173,31173,Thurston
31,175,31175,Valley
31,177,31177,Washington
31,179,31179,Wayne
31,181,31181,Webster
31,183,31183,Wheeler
31,185,31185,York
32,1,32001,Churchill
32,3,32003,Clark
32,5,32005,Douglas
32,7,32007,Elko
32,9,32009,Esmeralda
32,11,32011,Eureka
32,13,32013,Humboldt
32,15,32015,Lander
32,17,32017,Lincoln
32,19,32019,Lyon
32,21,32021,Mineral
32,23,32023,Nye
32,27,32027,Pershing
32,29,32029,Storey
32,31,32031,Washoe
32,33,32033,White Pine
32,510,32510,Carson City
33,1,33001,Belknap
33,3,33003,Carroll
33,5,33005,Cheshire
33,7,33007,Coos
33,9,33009,Grafton
33,11,33011,Hillsborough
33,13,33013,Merrimack
33,15,33015,Rockingham
33,17,33017,Strafford
33,19,33019,Sullivan
34,1,34001,Atlantic
34,3,34003,Bergen
34,5,34005,Burlington
34,7,34007,Camden
34,9,34009,Cape May
34,11,34011,Cumberland
34,13,34013,Essex
34,15,34015,Gloucester
34,17,34017,Hudson
34,19,34019,Hunterdon
34,21,34021,Mercer
34,23,34023,Middlesex
34,25,34025,Monmouth
34,27,34027,Morris
34,29,34029,Ocean
34,31,34031,Passaic
34,33,34033,Salem
34,35,34035,Somerset
34,37,34037,Sussex
34,39,34039,Union
34,41,34041,Warren
35,1,35001,Bernalillo
35,3,35003,Catron
35,5,35005,Chaves
35,6,35006,Cibola
35,7,35007,Colfax
35,9,35009,Curry
35,11,35011,De Baca
35,13,35013,Do√±a Ana
35,15,35015,Eddy
35,17,35017,Grant
35,19,35019,Guadalupe
35,21,35021,Harding
35,23,35023,Hidalgo
35,25,35025,Lea
35,27,35027,Lincoln
35,28,35028,Los Alamos
35,29,35029,Luna
35,31,35031,McKinley
35,33,35033,Mora
35,35,35035,Otero
35,37,35037,Quay
35,39,35039,Rio Arriba
35,41,35041,Roosevelt
35,43,35043,Sandoval
35,45,35045,San Juan
35,47,35047,San Miguel
35,49,35049,Santa Fe
35,51,35051,Sierra
35,53,35053,Socorro
35,55,35055,Taos
35,57,35057,Torrance
35,59,35059,Union
35,61,35061,Valencia
36,1,36001,Albany
36,3,36003,Allegany
36,5,36005,Bronx
36,7,36007,Broome
36,9,36009,Cattaraugus
36,11,36011,Cayuga
36,13,36013,Chautauqua
36,15,36015,Chemung
36,17,36017,Chenango
36,19,36019,Clinton
36,21,36021,Columbia
36,23,36023,Cortland
36,25,36025,Delaware
36,27,36027,Dutchess
36,29,36029,Erie
36,31,36031,Essex
36,33,36033,Franklin
36,35,36035,Fulton
36,37,36037,Genesee
36,39,36039,Greene
36,41,36041,Hamilton
36,43,36043,Herkimer
36,45,36045,Jefferson
36,47,36047,Kings
36,49,36049,Lewis
36,51,36051,Livingston
36,53,36053,Madison
36,55,36055,Monroe
36,57,36057,Montgomery
36,59,36059,Nassau
36,61,36061,New York
36,63,36063,Niagara
36,65,36065,Oneida
36,67,36067,Onondaga
36,69,36069,Ontario
36,71,36071,Orange
36,73,36073,Orleans
36,75,36075,Oswego
36,77,36077,Otsego
36,79,36079,Putnam
36,81,36081,Queens
36,83,36083,Rensselaer
36,85,36085,Richmond
36,87,36087,Rockland
36,89,36089,St. Lawrence
36,91,36091,Saratoga
36,93,36093,Schenectady
36,95,36095,Schoharie
36,97,36097,Schuyler
36,99,36099,Seneca
36,101,36101,Steuben
36,103,36103,Suffolk
36,105,36105,Sullivan
36,107,36107,Tioga
36,109,36109,Tompkins
36,111,36111,Ulster
36,113,36113,Warren
36,115,36115,Washington
36,117,36117,Wayne
36,119,36119,Westchester
36,121,36121,Wyoming
36,123,36123,Yates
37,1,37001,Alamance
37,3,37003,Alexander
37,5,37005,Alleghany
37,7,37007,Anson
37,9,37009,Ashe
37,11,37011,Avery
37,13,37013,Beaufort
37,15,37015,Bertie
37,17,37017,Bladen
37,19,37019,Brunswick
37,21,37021,Buncombe
37,23,37023,Burke
37,25,37025,Cabarrus
37,27,37027,Caldwell
37,29,37029,Camden
37,31,37031,Carteret
37,33,37033,Caswell
37,35,37035,Catawba
37,37,37037,Chatham
37,39,37039,Cherokee
37,41,37041,Chowan
37,43,37043,Clay
37,45,37045,Cleveland
37,47,37047,Columbus
37,49,37049,Craven
37,51,37051,Cumberland
37,53,37053,Currituck
37,55,37055,Dare
37,57,37057,Davidson
37,59,37059,Davie
37,61,37061,Duplin
37,63,37063,Durham
37,65,37065,Edgecombe
37,67,37067,Forsyth
37,69,37069,Franklin
37,71,37071,Gaston
37,73,37073,Gates
37,75,37075,Graham
37,77,37077,Granville
37,79,37079,Greene
37,81,37081,Guilford
37,83,37083,Halifax
37,85,37085,Harnett
37,87,37087,Haywood
37,89,37089,Henderson
37,91,37091,Hertford
37,93,37093,Hoke
37,95,37095,Hyde
37,97,37097,Iredell
37,99,37099,Jackson
37,101,37101,Johnston
37,103,37103,Jones
37,105,37105,Lee
37,107,37107,Lenoir
37,109,37109,Lincoln
37,111,37111,McDowell
37,113,37113,Macon
37,115,37115,Madison
37,117,37117,Martin
37,119,37119,Mecklenburg
37,121,37121,Mitchell
37,123,37123,Montgomery
37,125,37125,Moore
37,127,37127,Nash
37,129,37129,New Hanover
37,131,37131,Northampton
37,133,37133,Onslow
37,135,37135,Orange
37,137,37137,Pamlico
37,139,37139,Pasquotank
37,141,37141,Pender
37,143,37143,Perquimans
37,145,37145,Person
37,147,37147,Pitt
37,149,37149,Polk
37,151,37151,Randolph
37,153,37153,Richmond
37,155,37155,Robeson
37,157,37157,Rockingham
37,159,37159,Rowan
37,161,37161,Rutherford
37,163,37163,Sampson
37,165,37165,Scotland
37,167,37167,Stanly
37,169,37169,Stokes
37,171,37171,Surry
37,173,37173,Swain
37,175,37175,Transylvania
37,177,37177,Tyrrell
37,179,37179,Union
37,181,37181,Vance
37,183,37183,Wake
37,185,37185,Warren
37,187,37187,Washington
37,189,37189,Watauga
37,191,37191,Wayne
37,193,37193,Wilkes
37,195,37195,Wilson
37,197,37197,Yadkin
37,199,37199,Yancey
38,1,38001,Adams
38,3,38003,Barnes
38,5,38005,Benson
38,7,38007,Billings
38,9,38009,Bottineau
38,11,38011,Bowman
38,13,38013,Burke
38,15,38015,Burleigh
38,17,38017,Cass
38,19,38019,Cavalier
38,21,38021,Dickey
38,23,38023,Divide
38,25,38025,Dunn
38,27,38027,Eddy
38,29,38029,Emmons
38,31,38031,Foster
38,33,38033,Golden Valley
38,35,38035,Grand Forks
38,37,38037,Grant
38,39,38039,Griggs
38,41,38041,Hettinger
38,43,38043,Kidder
38,45,38045,LaMoure
38,47,38047,Logan
38,49,38049,McHenry
38,51,38051,McIntosh
38,53,38053,McKenzie
38,55,38055,McLean
38,57,38057,Mercer
38,59,38059,Morton
38,61,38061,Mountrail
38,63,38063,Nelson
38,65,38065,Oliver
38,67,38067,Pembina
38,69,38069,Pierce
38,71,38071,Ramsey
38,73,38073,Ransom
38,75,38075,Renville
38,77,38077,Richland
38,79,38079,Rolette
38,81,38081,Sargent
38,83,38083,Sheridan
38,85,38085,Sioux
38,87,38087,Slope
38,89,38089,Stark
38,91,38091,Steele
38,93,38093,Stutsman
38,95,38095,Towner
38,97,38097,Traill
38,99,38099,Walsh
38,101,38101,Ward
38,103,38103,Wells
38,105,38105,Williams
39,1,39001,Adams
39,3,39003,Allen
39,5,39005,Ashland
39,7,39007,Ashtabula
39,9,39009,Athens
39,11,39011,Auglaize
39,13,39013,Belmont
39,15,39015,Brown
39,17,39017,Butler
39,19,39019,Carroll
39,21,39021,Champaign
39,23,39023,Clark
39,25,39025,Clermont
39,27,39027,Clinton
39,29,39029,Columbiana
39,31,39031,Coshocton
39,33,39033,Crawford
39,35,39035,Cuyahoga
39,37,39037,Darke
39,39,39039,Defiance
39,41,39041,Delaware
39,43,39043,Erie
39,45,39045,Fairfield
39,47,39047,Fayette
39,49,39049,Franklin
39,51,39051,Fulton
39,53,39053,Gallia
39,55,39055,Geauga
39,57,39057,Greene
39,59,39059,Guernsey
39,61,39061,Hamilton
39,63,39063,Hancock
39,65,39065,Hardin
39,67,39067,Harrison
39,69,39069,Henry
39,71,39071,Highland
39,73,39073,Hocking
39,75,39075,Holmes
39,77,39077,Huron
39,79,39079,Jackson
39,81,39081,Jefferson
39,83,39083,Knox
39,85,39085,Lake
39,87,39087,Lawrence
39,89,39089,Licking
39,91,39091,Logan
39,93,39093,Lorain
39,95,39095,Lucas
39,97,39097,Madison
39,99,39099,Mahoning
39,101,39101,Marion
39,103,39103,Medina
39,105,39105,Meigs
39,107,39107,Mercer
39,109,39109,Miami
39,111,39111,Monroe
39,113,39113,Montgomery
39,115,39115,Morgan
39,117,39117,Morrow
39,119,39119,Muskingum
39,121,39121,Noble
39,123,39123,Ottawa
39,125,39125,Paulding
39,127,39127,Perry
39,129,39129,Pickaway
39,131,39131,Pike
39,133,39133,Portage
39,135,39135,Preble
39,137,39137,Putnam
39,139,39139,Richland
39,141,39141,Ross
39,143,39143,Sandusky
39,145,39145,Scioto
39,147,39147,Seneca
39,149,39149,Shelby
39,151,39151,Stark
39,153,39153,Summit
39,155,39155,Trumbull
39,157,39157,Tuscarawas
39,159,39159,Union
39,161,39161,Van Wert
39,163,39163,Vinton
39,165,39165,Warren
39,167,39167,Washington
39,169,39169,Wayne
39,171,39171,Williams
39,173,39173,Wood
39,175,39175,Wyandot
40,1,40001,Adair
40,3,40003,Alfalfa
40,5,40005,Atoka
40,7,40007,Beaver
40,9,40009,Beckham
40,11,40011,Blaine
40,13,40013,Bryan
40,15,40015,Caddo
40,17,40017,Canadian
40,19,40019,Carter
40,21,40021,Cherokee
40,23,40023,Choctaw
40,25,40025,Cimarron
40,27,40027,Cleveland
40,29,40029,Coal
40,31,40031,Comanche
40,33,40033,Cotton
40,35,40035,Craig
40,37,40037,Creek
40,39,40039,Custer
40,41,40041,Delaware
40,43,40043,Dewey
40,45,40045,Ellis
40,47,40047,Garfield
40,49,40049,Garvin
40,51,40051,Grady
40,53,40053,Grant
40,55,40055,Greer
40,57,40057,Harmon
40,59,40059,Harper
40,61,40061,Haskell
40,63,40063,Hughes
40,65,40065,Jackson
40,67,40067,Jefferson
40,69,40069,Johnston
40,71,40071,Kay
40,73,40073,Kingfisher
40,75,40075,Kiowa
40,77,40077,Latimer
40,79,40079,Le Flore
40,81,40081,Lincoln
40,83,40083,Logan
40,85,40085,Love
40,87,40087,McClain
40,89,40089,McCurtain
40,91,40091,McIntosh
40,93,40093,Major
40,95,40095,Marshall
40,97,40097,Mayes
40,99,40099,Murray
40,101,40101,Muskogee
40,103,40103,Noble
40,105,40105,Nowata
40,107,40107,Okfuskee
40,109,40109,Oklahoma
40,111,40111,Okmulgee
40,113,40113,Osage
40,115,40115,Ottawa
40,117,40117,Pawnee
40,119,40119,Payne
40,121,40121,Pittsburg
40,123,40123,Pontotoc
40,125,40125,Pottawatomie
40,127,40127,Pushmataha
40,129,40129,Roger Mills
40,131,40131,Rogers
40,133,40133,Seminole
40,135,40135,Sequoyah
40,137,40137,Stephens
40,139,40139,Texas
40,141,40141,Tillman
40,143,40143,Tulsa
40,145,40145,Wagoner
40,147,40147,Washington
40,149,40149,Washita
40,151,40151,Woods
40,153,40153,Woodward
41,1,41001,Baker
41,3,41003,Benton
41,5,41005,Clackamas
41,7,41007,Clatsop
41,9,41009,Columbia
41,11,41011,Coos
41,13,41013,Crook
41,15,41015,Curry
41,17,41017,Deschutes
41,19,41019,Douglas
41,21,41021,Gilliam
41,23,41023,Grant
41,25,41025,Harney
41,27,41027,Hood River
41,29,41029,Jackson
41,31,41031,Jefferson
41,33,41033,Josephine
41,35,41035,Klamath
41,37,41037,Lake
41,39,41039,Lane
41,41,41041,Lincoln
41,43,41043,Linn
41,45,41045,Malheur
41,47,41047,Marion
41,49,41049,Morrow
41,51,41051,Multnomah
41,53,41053,Polk
41,55,41055,Sherman
41,57,41057,Tillamook
41,59,41059,Umatilla
41,61,41061,Union
41,63,41063,Wallowa
41,65,41065,Wasco
41,67,41067,Washington
41,69,41069,Wheeler
41,71,41071,Yamhill
42,1,42001,Adams
42,3,42003,Allegheny
42,5,42005,Armstrong
42,7,42007,Beaver
42,9,42009,Bedford
42,11,42011,Berks
42,13,42013,Blair
42,15,42015,Bradford
42,17,42017,Bucks
42,19,42019,Butler
42,21,42021,Cambria
42,23,42023,Cameron
42,25,42025,Carbon
42,27,42027,Centre
42,29,42029,Chester
42,31,42031,Clarion
42,33,42033,Clearfield
42,35,42035,Clinton
42,37,42037,Columbia
42,39,42039,Crawford
42,41,42041,Cumberland
42,43,42043,Dauphin
42,45,42045,Delaware
42,47,42047,Elk
42,49,42049,Erie
42,51,42051,Fayette
42,53,42053,Forest
42,55,42055,Franklin
42,57,42057,Fulton
42,59,42059,Greene
42,61,42061,Huntingdon
42,63,42063,Indiana
42,65,42065,Jefferson
42,67,42067,Juniata
42,69,42069,Lackawanna
42,71,42071,Lancaster
42,73,42073,Lawrence
42,75,42075,Lebanon
42,77,42077,Lehigh
42,79,42079,Luzerne
42,81,42081,Lycoming
42,83,42083,McKean
42,85,42085,Mercer
42,87,42087,Mifflin
42,89,42089,Monroe
42,91,42091,Montgomery
42,93,42093,Montour
42,95,42095,Northampton
42,97,42097,Northumberland
42,99,42099,Perry
42,101,42101,Philadelphia
42,103,42103,Pike
42,105,42105,Potter
42,107,42107,Schuylkill
42,109,42109,Snyder
42,111,42111,Somerset
42,113,42113,Sullivan
42,115,42115,Susquehanna
42,117,42117,Tioga
42,119,42119,Union
42,121,42121,Venango
42,123,42123,Warren
42,125,42125,Washington
42,127,42127,Wayne
42,129,42129,Westmoreland
42,131,42131,Wyoming
42,133,42133,York
44,1,44001,Bristol
44,3,44003,Kent
44,5,44005,Newport
44,7,44007,Providence
44,9,44009,Washington
45,1,45001,Abbeville
45,3,45003,Aiken
45,5,45005,Allendale
45,7,45007,Anderson
45,9,45009,Bamberg
45,11,45011,Barnwell
45,13,45013,Beaufort
45,15,45015,Berkeley
45,17,45017,Calhoun
45,19,45019,Charleston
45,21,45021,Cherokee
45,23,45023,Chester
45,25,45025,Chesterfield
45,27,45027,Clarendon
45,29,45029,Colleton
45,31,45031,Darlington
45,33,45033,Dillon
45,35,45035,Dorchester
45,37,45037,Edgefield
45,39,45039,Fairfield
45,41,45041,Florence
45,43,45043,Georgetown
45,45,45045,Greenville
45,47,45047,Greenwood
45,49,45049,Hampton
45,51,45051,Horry
45,53,45053,Jasper
45,55,45055,Kershaw
45,57,45057,Lancaster
45,59,45059,Laurens
45,61,45061,Lee
45,63,45063,Lexington
45,65,45065,McCormick
45,67,45067,Marion
45,69,45069,Marlboro
45,71,45071,Newberry
45,73,45073,Oconee
45,75,45075,Orangeburg
45,77,45077,Pickens
45,79,45079,Richland
45,81,45081,Saluda
45,83,45083,Spartanburg
45,85,45085,Sumter
45,87,45087,Union
45,89,45089,Williamsburg
45,91,45091,York
46,3,46003,Aurora
46,5,46005,Beadle
46,7,46007,Bennett
46,9,46009,Bon Homme
46,11,46011,Brookings
46,13,46013,Brown
46,15,46015,Brule
46,17,46017,Buffalo
46,19,46019,Butte
46,21,46021,Campbell
46,23,46023,Charles Mix
46,25,46025,Clark
46,27,46027,Clay
46,29,46029,Codington
46,31,46031,Corson
46,33,46033,Custer
46,35,46035,Davison
46,37,46037,Day
46,39,46039,Deuel
46,41,46041,Dewey
46,43,46043,Douglas
46,45,46045,Edmunds
46,47,46047,Fall River
46,49,46049,Faulk
46,51,46051,Grant
46,53,46053,Gregory
46,55,46055,Haakon
46,57,46057,Hamlin
46,59,46059,Hand
46,61,46061,Hanson
46,63,46063,Harding
46,65,46065,Hughes
46,67,46067,Hutchinson
46,69,46069,Hyde
46,71,46071,Jackson
46,73,46073,Jerauld
46,75,46075,Jones
46,77,46077,Kingsbury
46,79,46079,Lake
46,81,46081,Lawrence
46,83,46083,Lincoln
46,85,46085,Lyman
46,87,46087,McCook
46,89,46089,McPherson
46,91,46091,Marshall
46,93,46093,Meade
46,95,46095,Mellette
46,97,46097,Miner
46,99,46099,Minnehaha
46,101,46101,Moody
46,102,46102,Oglala Lakota
46,103,46103,Pennington
46,105,46105,Perkins
46,107,46107,Potter
46,109,46109,Roberts
46,111,46111,Sanborn
46,115,46115,Spink
46,117,46117,Stanley
46,119,46119,Sully
46,121,46121,Todd
46,123,46123,Tripp
46,125,46125,Turner
46,127,46127,Union
46,129,46129,Walworth
46,135,46135,Yankton
46,137,46137,Ziebach
47,1,47001,Anderson
47,3,47003,Bedford
47,5,47005,Benton
47,7,47007,Bledsoe
47,9,47009,Blount
47,11,47011,Bradley
47,13,47013,Campbell
47,15,47015,Cannon
47,17,47017,Carroll
47,19,47019,Carter
47,21,47021,Cheatham
47,23,47023,Chester
47,25,47025,Claiborne
47,27,47027,Clay
47,29,47029,Cocke
47,31,47031,Coffee
47,33,47033,Crockett
47,35,47035,Cumberland
47,37,47037,Davidson
47,39,47039,Decatur
47,41,47041,DeKalb
47,43,47043,Dickson
47,45,47045,Dyer
47,47,47047,Fayette
47,49,47049,Fentress
47,51,47051,Franklin
47,53,47053,Gibson
47,55,47055,Giles
47,57,47057,Grainger
47,59,47059,Greene
47,61,47061,Grundy
47,63,47063,Hamblen
47,65,47065,Hamilton
47,67,47067,Hancock
47,69,47069,Hardeman
47,71,47071,Hardin
47,73,47073,Hawkins
47,75,47075,Haywood
47,77,47077,Henderson
47,79,47079,Henry
47,81,47081,Hickman
47,83,47083,Houston
47,85,47085,Humphreys
47,87,47087,Jackson
47,89,47089,Jefferson
47,91,47091,Johnson
47,93,47093,Knox
47,95,47095,Lake
47,97,47097,Lauderdale
47,99,47099,Lawrence
47,101,47101,Lewis
47,103,47103,Lincoln
47,105,47105,Loudon
47,107,47107,McMinn
47,109,47109,McNairy
47,111,47111,Macon
47,113,47113,Madison
47,115,47115,Marion
47,117,47117,Marshall
47,119,47119,Maury
47,121,47121,Meigs
47,123,47123,Monroe
47,125,47125,Montgomery
47,127,47127,Moore
47,129,47129,Morgan
47,131,47131,Obion
47,133,47133,Overton
47,135,47135,Perry
47,137,47137,Pickett
47,139,47139,Polk
47,141,47141,Putnam
47,143,47143,Rhea
47,145,47145,Roane
47,147,47147,Robertson
47,149,47149,Rutherford
47,151,47151,Scott
47,153,47153,Sequatchie
47,155,47155,Sevier
47,157,47157,Shelby
47,159,47159,Smith
47,161,47161,Stewart
47,163,47163,Sullivan
47,165,47165,Sumner
47,167,47167,Tipton
47,169,47169,Trousdale
47,171,47171,Unicoi
47,173,47173,Union
47,175,47175,Van Buren
47,177,47177,Warren
47,179,47179,Washington
47,181,47181,Wayne
47,183,47183,Weakley
47,185,47185,White
47,187,47187,Williamson
47,189,47189,Wilson
48,1,48001,Anderson
48,3,48003,Andrews
48,5,48005,Angelina
48,7,48007,Aransas
48,9,48009,Archer
48,11,48011,Armstrong
48,13,48013,Atascosa
48,15,48015,Austin
48,17,48017,Bailey
48,19,48019,Bandera
48,21,48021,Bastrop
48,23,48023,Baylor
48,25,48025,Bee
48,27,48027,Bell
48,29,48029,Bexar
48,31,48031,Blanco
48,33,48033,Borden
48,35,48035,Bosque
48,37,48037,Bowie
48,39,48039,Brazoria
48,41,48041,Brazos
48,43,48043,Brewster
48,45,48045,Briscoe
48,47,48047,Brooks
48,49,48049,Brown
48,51,48051,Burleson
48,53,48053,Burnet
48,55,48055,Caldwell
48,57,48057,Calhoun
48,59,48059,Callahan
48,61,48061,Cameron
48,63,48063,Camp
48,65,48065,Carson
48,67,48067,Cass
48,69,48069,Castro
48,71,48071,Chambers
48,73,48073,Cherokee
48,75,48075,Childress
48,77,48077,Clay
48,79,48079,Cochran
48,81,48081,Coke
48,83,48083,Coleman
48,85,48085,Collin
48,87,48087,Collingsworth
48,89,48089,Colorado
48,91,48091,Comal
48,93,48093,Comanche
48,95,48095,Concho
48,97,48097,Cooke
48,99,48099,Coryell
48,101,48101,Cottle
48,103,48103,Crane
48,105,48105,Crockett
48,107,48107,Crosby
48,109,48109,Culberson
48,111,48111,Dallam
48,113,48113,Dallas
48,115,48115,Dawson
48,117,48117,Deaf Smith
48,119,48119,Delta
48,121,48121,Denton
48,123,48123,DeWitt
48,125,48125,Dickens
48,127,48127,Dimmit
48,129,48129,Donley
48,131,48131,Duval
48,133,48133,Eastland
48,135,48135,Ector
48,137,48137,Edwards
48,139,48139,Ellis
48,141,48141,El Paso
48,143,48143,Erath
48,145,48145,Falls
48,147,48147,Fannin
48,149,48149,Fayette
48,151,48151,Fisher
48,153,48153,Floyd
48,155,48155,Foard
48,157,48157,Fort Bend
48,159,48159,Franklin
48,161,48161,Freestone
48,163,48163,Frio
48,165,48165,Gaines
48,167,48167,Galveston
48,169,48169,Garza
48,171,48171,Gillespie
48,173,48173,Glasscock
48,175,48175,Goliad
48,177,48177,Gonzales
48,179,48179,Gray
48,181,48181,Grayson
48,183,48183,Gregg
48,185,48185,Grimes
48,187,48187,Guadalupe
48,189,48189,Hale
48,191,48191,Hall
48,193,48193,Hamilton
48,195,48195,Hansford
48,197,48197,Hardeman
48,199,48199,Hardin
48,201,48201,Harris
48,203,48203,Harrison
48,205,48205,Hartley
48,207,48207,Haskell
48,209,48209,Hays
48,211,48211,Hemphill
48,213,48213,Henderson
48,215,48215,Hidalgo
48,217,48217,Hill
48,219,48219,Hockley
48,221,48221,Hood
48,223,48223,Hopkins
48,225,48225,Houston
48,227,48227,Howard
48,229,48229,Hudspeth
48,231,48231,Hunt
48,233,48233,Hutchinson
48,235,48235,Irion
48,237,48237,Jack
48,239,48239,Jackson
48,241,48241,Jasper
48,243,48243,Jeff Davis
48,245,48245,Jefferson
48,247,48247,Jim Hogg
48,249,48249,Jim Wells
48,251,48251,Johnson
48,253,48253,Jones
48,255,48255,Karnes
48,257,48257,Kaufman
48,259,48259,Kendall
48,261,48261,Kenedy
48,263,48263,Kent
48,265,48265,Kerr
48,267,48267,Kimble
48,269,48269,King
48,271,48271,Kinney
48,273,48273,Kleberg
48,275,48275,Knox
48,277,48277,Lamar
48,279,48279,Lamb
48,281,48281,Lampasas
48,283,48283,La Salle
48,285,48285,Lavaca
48,287,48287,Lee
48,289,48289,Leon
48,291,48291,Liberty
48,293,48293,Limestone
48,295,48295,Lipscomb
48,297,48297,Live Oak
48,299,48299,Llano
48,301,48301,Loving
48,303,48303,Lubbock
48,305,48305,Lynn
48,307,48307,McCulloch
48,309,48309,McLennan
48,311,48311,McMullen
48,313,48313,Madison
48,315,48315,Marion
48,317,48317,Martin
48,319,48319,Mason
48,321,48321,Matagorda
48,323,48323,Maverick
48,325,48325,Medina
48,327,48327,Menard
48,329,48329,Midland
48,331,48331,Milam
48,333,48333,Mills
48,335,48335,Mitchell
48,337,48337,Montague
48,339,48339,Montgomery
48,341,48341,Moore
48,343,48343,Morris
48,345,48345,Motley
48,347,48347,Nacogdoches
48,349,48349,Navarro
48,351,48351,Newton
48,353,48353,Nolan
48,355,48355,Nueces
48,357,48357,Ochiltree
48,359,48359,Oldham
48,361,48361,Orange
48,363,48363,Palo Pinto
48,365,48365,Panola
48,367,48367,Parker
48,369,48369,Parmer
48,371,48371,Pecos
48,373,48373,Polk
48,375,48375,Potter
48,377,48377,Presidio
48,379,48379,Rains
48,381,48381,Randall
48,383,48383,Reagan
48,385,48385,Real
48,387,48387,Red River
48,389,48389,Reeves
48,391,48391,Refugio
48,393,48393,Roberts
48,395,48395,Robertson
48,397,48397,Rockwall
48,399,48399,Runnels
48,401,48401,Rusk
48,403,48403,Sabine
48,405,48405,San Augustine
48,407,48407,San Jacinto
48,409,48409,San Patricio
48,411,48411,San Saba
48,413,48413,Schleicher
48,415,48415,Scurry
48,417,48417,Shackelford
48,419,48419,Shelby
48,421,48421,Sherman
48,423,48423,Smith
48,425,48425,Somervell
48,427,48427,Starr
48,429,48429,Stephens
48,431,48431,Sterling
48,433,48433,Stonewall
48,435,48435,Sutton
48,437,48437,Swisher
48,439,48439,Tarrant
48,441,48441,Taylor
48,443,48443,Terrell
48,445,48445,Terry
48,447,48447,Throckmorton
48,449,48449,Titus
48,451,48451,Tom Green
48,453,48453,Travis
48,455,48455,Trinity
48,457,48457,Tyler
48,459,48459,Upshur
48,461,48461,Upton
48,463,48463,Uvalde
48,465,48465,Val Verde
48,467,48467,Van Zandt
48,469,48469,Victoria
48,471,48471,Walker
48,473,48473,Waller
48,475,48475,Ward
48,477,48477,Washington
48,479,48479,Webb
48,481,48481,Wharton
48,483,48483,Wheeler
48,485,48485,Wichita
48,487,48487,Wilbarger
48,489,48489,Willacy
48,491,48491,Williamson
48,493,48493,Wilson
48,495,48495,Winkler
48,497,48497,Wise
48,499,48499,Wood
48,501,48501,Yoakum
48,503,48503,Young
48,505,48505,Zapata
48,507,48507,Zavala
49,1,49001,Beaver
49,3,49003,Box Elder
49,5,49005,Cache
49,7,49007,Carbon
49,9,49009,Daggett
49,11,49011,Davis
49,13,49013,Duchesne
49,15,49015,Emery
49,17,49017,Garfield
49,19,49019,Grand
49,21,49021,Iron
49,23,49023,Juab
49,25,49025,Kane
49,27,49027,Millard
49,29,49029,Morgan
49,31,49031,Piute
49,33,49033,Rich
49,35,49035,Salt Lake
49,37,49037,San Juan
49,39,49039,Sanpete
49,41,49041,Sevier
49,43,49043,Summit
49,45,49045,Tooele
49,47,49047,Uintah
49,49,49049,Utah
49,51,49051,Wasatch
49,53,49053,Washington
49,55,49055,Wayne
49,57,49057,Weber
50,1,50001,Addison
50,3,50003,Bennington
50,5,50005,Caledonia
50,7,50007,Chittenden
50,9,50009,Essex
50,11,50011,Franklin
50,13,50013,Grand Isle
50,15,50015,Lamoille
50,17,50017,Orange
50,19,50019,Orleans
50,21,50021,Rutland
50,23,50023,Washington
50,25,50025,Windham
50,27,50027,Windsor
51,1,51001,Accomack
51,3,51003,Albemarle
51,5,51005,Alleghany
51,7,51007,Amelia
51,9,51009,Amherst
51,11,51011,Appomattox
51,13,51013,Arlington
51,15,51015,Augusta
51,17,51017,Bath
51,19,51019,Bedford
51,21,51021,Bland
51,23,51023,Botetourt
51,25,51025,Brunswick
51,27,51027,Buchanan
51,29,51029,Buckingham
51,31,51031,Campbell
51,33,51033,Caroline
51,35,51035,Carroll
51,36,51036,Charles City
51,37,51037,Charlotte
51,41,51041,Chesterfield
51,43,51043,Clarke
51,45,51045,Craig
51,47,51047,Culpeper
51,49,51049,Cumberland
51,51,51051,Dickenson
51,53,51053,Dinwiddie
51,57,51057,Essex
51,59,51059,Fairfax
51,61,51061,Fauquier
51,63,51063,Floyd
51,65,51065,Fluvanna
51,67,51067,Franklin
51,69,51069,Frederick
51,71,51071,Giles
51,73,51073,Gloucester
51,75,51075,Goochland
51,77,51077,Grayson
51,79,51079,Greene
51,81,51081,Greensville
51,83,51083,Halifax
51,85,51085,Hanover
51,87,51087,Henrico
51,89,51089,Henry
51,91,51091,Highland
51,93,51093,Isle of Wight
51,95,51095,James City
51,97,51097,King and Queen
51,99,51099,King George
51,101,51101,King William
51,103,51103,Lancaster
51,105,51105,Lee
51,107,51107,Loudoun
51,109,51109,Louisa
51,111,51111,Lunenburg
51,113,51113,Madison
51,115,51115,Mathews
51,117,51117,Mecklenburg
51,119,51119,Middlesex
51,121,51121,Montgomery
51,125,51125,Nelson
51,127,51127,New Kent
51,131,51131,Northampton
51,133,51133,Northumberland
51,135,51135,Nottoway
51,137,51137,Orange
51,139,51139,Page
51,141,51141,Patrick
51,143,51143,Pittsylvania
51,145,51145,Powhatan
51,147,51147,Prince Edward
51,149,51149,Prince George
51,153,51153,Prince William
51,155,51155,Pulaski
51,157,51157,Rappahannock
51,159,51159,Richmond
51,161,51161,Roanoke
51,163,51163,Rockbridge
51,165,51165,Rockingham
51,167,51167,Russell
51,169,51169,Scott
51,171,51171,Shenandoah
51,173,51173,Smyth
51,175,51175,Southampton
51,177,51177,Spotsylvania
51,179,51179,Stafford
51,181,51181,Surry
51,183,51183,Sussex
51,185,51185,Tazewell
51,187,51187,Warren
51,191,51191,Washington
51,193,51193,Westmoreland
51,195,51195,Wise
51,197,51197,Wythe
51,199,51199,York
51,510,51510,Alexandria
51,520,51520,Bristol
51,530,51530,Buena Vista
51,540,51540,Charlottesville
51,550,51550,Chesapeake
51,570,51570,Colonial Heights
51,580,51580,Covington
51,590,51590,Danville
51,595,51595,Emporia
51,600,51600,Fairfax
51,610,51610,Falls Church
51,620,51620,Franklin
51,630,51630,Fredericksburg
51,640,51640,Galax
51,650,51650,Hampton
51,660,51660,Harrisonburg
51,670,51670,Hopewell
51,678,51678,Lexington
51,680,51680,Lynchburg
51,683,51683,Manassas
51,685,51685,Manassas Park
51,690,51690,Martinsville
51,700,51700,Newport News
51,710,51710,Norfolk
51,720,51720,Norton
51,730,51730,Petersburg
51,735,51735,Poquoson
51,740,51740,Portsmouth
51,750,51750,Radford
51,760,51760,Richmond
51,770,51770,Roanoke
51,775,51775,Salem
51,790,51790,Staunton
51,800,51800,Suffolk
51,810,51810,Virginia Beach
51,820,51820,Waynesboro
51,830,51830,Williamsburg
51,840,51840,Winchester
53,1,53001,Adams
53,3,53003,Asotin
53,5,53005,Benton
53,7,53007,Chelan
53,9,53009,Clallam
53,11,53011,Clark
53,13,53013,Columbia
53,15,53015,Cowlitz
53,17,53017,Douglas
53,19,53019,Ferry
53,21,53021,Franklin
53,23,53023,Garfield
53,25,53025,Grant
53,27,53027,Grays Harbor
53,29,53029,Island
53,31,53031,Jefferson
53,33,53033,King
53,35,53035,Kitsap
53,37,53037,Kittitas
53,39,53039,Klickitat
53,41,53041,Lewis
53,43,53043,Lincoln
53,45,53045,Mason
53,47,53047,Okanogan
53,49,53049,Pacific
53,51,53051,Pend Oreille
53,53,53053,Pierce
53,55,53055,San Juan
53,57,53057,Skagit
53,59,53059,Skamania
53,61,53061,Snohomish
53,63,53063,Spokane
53,65,53065,Stevens
53,67,53067,Thurston
53,69,53069,Wahkiakum
53,71,53071,Walla Walla
53,73,53073,Whatcom
53,75,53075,Whitman
53,77,53077,Yakima
54,1,54001,Barbour
54,3,54003,Berkeley
54,5,54005,Boone
54,7,54007,Braxton
54,9,54009,Brooke
54,11,54011,Cabell
54,13,54013,Calhoun
54,15,54015,Clay
54,17,54017,Doddridge
54,19,54019,Fayette
54,21,54021,Gilmer
54,23,54023,Grant
54,25,54025,Greenbrier
54,27,54027,Hampshire
54,29,54029,Hancock
54,31,54031,Hardy
54,33,54033,Harrison
54,35,54035,Jackson
54,37,54037,Jefferson
54,39,54039,Kanawha
54,41,54041,Lewis
54,43,54043,Lincoln
54,45,54045,Logan
54,47,54047,McDowell
54,49,54049,Marion
54,51,54051,Marshall
54,53,54053,Mason
54,55,54055,Mercer
54,57,54057,Mineral
54,59,54059,Mingo
54,61,54061,Monongalia
54,63,54063,Monroe
54,65,54065,Morgan
54,67,54067,Nicholas
54,69,54069,Ohio
54,71,54071,Pendleton
54,73,54073,Pleasants
54,75,54075,Pocahontas
54,77,54077,Preston
54,79,54079,Putnam
54,81,54081,Raleigh
54,83,54083,Randolph
54,85,54085,Ritchie
54,87,54087,Roane
54,89,54089,Summers
54,91,54091,Taylor
54,93,54093,Tucker
54,95,54095,Tyler
54,97,54097,Upshur
54,99,54099,Wayne
54,101,54101,Webster
54,103,54103,Wetzel
54,105,54105,Wirt
54,107,54107,Wood
54,109,54109,Wyoming
55,1,55001,Adams
55,3,55003,Ashland
55,5,55005,Barron
55,7,55007,Bayfield
55,9,55009,Brown
55,11,55011,Buffalo
55,13,55013,Burnett
55,15,55015,Calumet
55,17,55017,Chippewa
55,19,55019,Clark
55,21,55021,Columbia
55,23,55023,Crawford
55,25,55025,Dane
55,27,55027,Dodge
55,29,55029,Door
55,31,55031,Douglas
55,33,55033,Dunn
55,35,55035,Eau Claire
55,37,55037,Florence
55,39,55039,Fond du Lac
55,41,55041,Forest
55,43,55043,Grant
55,45,55045,Green
55,47,55047,Green Lake
55,49,55049,Iowa
55,51,55051,Iron
55,53,55053,Jackson
55,55,55055,Jefferson
55,57,55057,Juneau
55,59,55059,Kenosha
55,61,55061,Kewaunee
55,63,55063,La Crosse
55,65,55065,Lafayette
55,67,55067,Langlade
55,69,55069,Lincoln
55,71,55071,Manitowoc
55,73,55073,Marathon
55,75,55075,Marinette
55,77,55077,Marquette
55,78,55078,Menominee
55,79,55079,Milwaukee
55,81,55081,Monroe
55,83,55083,Oconto
55,85,55085,Oneida
55,87,55087,Outagamie
55,89,55089,Ozaukee
55,91,55091,Pepin
55,93,55093,Pierce
55,95,55095,Polk
55,97,55097,Portage
55,99,55099,Price
55,101,55101,Racine
55,103,55103,Richland
55,105,55105,Rock
55,107,55107,Rusk
55,109,55109,St. Croix
55,111,55111,Sauk
55,113,55113,Sawyer
55,115,55115,Shawano
55,117,55117,Sheboygan
55,119,55119,Taylor
55,121,55121,Trempealeau
55,123,55123,Vernon
55,125,55125,Vilas
55,127,55127,Walworth
55,129,55129,Washburn
55,131,55131,Washington
55,133,55133,Waukesha
55,135,55135,Waupaca
55,137,55137,Waushara
55,139,55139,Winnebago
55,141,55141,Wood
56,1,56001,Albany
56,3,56003,Big Horn
56,5,56005,Campbell
56,7,56007,Carbon
56,9,56009,Converse
56,11,56011,Crook
56,13,56013,Fremont
56,15,56015,Goshen
56,17,56017,Hot Springs
56,19,56019,Johnson
56,21,56021,Laramie
56,23,56023,Lincoln
56,25,56025,Natrona
56,27,56027,Niobrara
56,29,56029,Park
56,31,56031,Platte
56,33,56033,Sheridan
56,35,56035,Sublette
56,37,56037,Sweetwater
56,39,56039,Teton
56,41,56041,Uinta
56,43,56043,Washakie
56,45,56045,Weston
60,10,60010,Eastern
60,20,60020,Manu'a
60,30,60030,Rose Island
60,40,60040,Swains Island
60,50,60050,Western
66,10,66010,Guam
69,85,69085,Northern Islands
69,100,69100,Rota
69,110,69110,Saipan
69,120,69120,Tinian
72,1,72001,Adjuntas
72,3,72003,Aguada
72,5,72005,Aguadilla
72,7,72007,Aguas Buenas
72,9,72009,Aibonito
72,11,72011,A√±asco
72,13,72013,Arecibo
72,15,72015,Arroyo
72,17,72017,Barceloneta
72,19,72019,Barranquitas
72,21,72021,Bayam√≥n
72,23,72023,Cabo Rojo
72,25,72025,Caguas
72,27,72027,Camuy
72,29,72029,Can√≥vanas
72,31,72031,Carolina
72,33,72033,Cata√±o
72,35,72035,Cayey
72,37,72037,Ceiba
72,39,72039,Ciales
72,41,72041,Cidra
72,43,72043,Coamo
72,45,72045,Comer√≠o
72,47,72047,Corozal
72,49,72049,Culebra
72,51,72051,Dorado
72,53,72053,Fajardo
72,54,72054,Florida
72,55,72055,Gu√°nica
72,57,72057,Guayama
72,59,72059,Guayanilla
72,61,72061,Guaynabo
72,63,72063,Gurabo
72,65,72065,Hatillo
72,67,72067,Hormigueros
72,69,72069,Humacao
72,71,72071,Isabela
72,73,72073,Jayuya
72,75,72075,Juana D√≠az
72,77,72077,Juncos
72,79,72079,Lajas
72,81,72081,Lares
72,83,72083,Las Mar√≠as
72,85,72085,Las Piedras
72,87,72087,Lo√≠za
72,89,72089,Luquillo
72,91,72091,Manat√≠
72,93,72093,Maricao
72,95,72095,Maunabo
72,97,72097,Mayag√ºez
72,99,72099,Moca
72,101,72101,Morovis
72,103,72103,Naguabo
72,105,72105,Naranjito
72,107,72107,Orocovis
72,109,72109,Patillas
72,111,72111,Pe√±uelas
72,113,72113,Ponce
72,115,72115,Quebradillas
72,117,72117,Rinc√≥n
72,119,72119,R√≠o Grande
72,121,72121,Sabana Grande
72,123,72123,Salinas
72,125,72125,San Germ√°n
72,127,72127,San Juan
72,129,72129,San Lorenzo
72,131,72131,San Sebasti√°n
72,133,72133,Santa Isabel
72,135,72135,Toa Alta
72,137,72137,Toa Baja
72,139,72139,Trujillo Alto
72,141,72141,Utuado
72,143,72143,Vega Alta
72,145,72145,Vega Baja
72,147,72147,Vieques
72,149,72149,Villalba
72,151,72151,Yabucoa
72,153,72153,Yauco
78,10,78010,St. Croix
78,20,78020,St. John
78,30,78030,St. Thomas